id;dart
1;1
2;9
3;17
4;25
5;33
6;41
7;49
8;57
9;65
10;73
11;81
12;89
13;97
14;105
15;113
16;121
17;129
18;137
19;145
20;153
21;161
22;169
23;177
24;185
25;193
26;201
27;209
28;217
29;225
30;233
31;241
32;249
33;257
34;265
35;273
36;281
37;289
38;297
39;305
40;313
41;321
42;329
43;337
44;345
45;353
46;361
47;369
48;377
49;385
50;393
51;401
52;409
53;417
54;425
55;433
56;441
57;449
58;457
59;465
60;473
61;481
62;489
63;497
64;505
65;513
66;521
67;529
68;537
69;545
70;553
71;561
72;569
73;577
74;585
75;593
76;601
77;609
78;617
79;625
80;633
81;641
82;649
83;657
84;665
85;673
86;681
87;689
88;697
89;705
90;713
91;721
92;729
93;737
94;745
95;753
96;761
97;769
98;777
99;785
100;793
101;801
102;809
103;817
104;825
105;833
106;841
107;849
108;857
109;865
110;873
111;881
112;889
113;897
114;905
115;913
116;921
117;929
118;937
119;945
120;953
121;961
122;969
123;977
124;985
125;993
126;1001
127;1009
128;1017
129;1025
130;1033
131;1041
132;1049
133;1057
134;1065
135;1073
136;1081
137;1089
138;1097
139;1105
140;1113
141;1121
142;1129
143;1137
144;1145
145;1153
146;1161
147;1169
148;1177
149;1185
150;1193
151;1201
152;1209
153;1217
154;1225
155;1233
156;1241
157;1249
158;1257
159;1265
160;1273
161;1281
162;1289
163;1297
164;1305
165;1313
166;1321
167;1329
168;1337
169;1345
170;1353
171;1361
172;1369
173;1377
174;1385
175;1393
176;1401
177;1409
178;1417
179;1425
180;1433
181;1441
182;1449
183;1457
184;1465
185;1473
186;1481
187;1489
188;1497
189;1505
190;1513
191;1521
192;1529
193;1537
194;1545
195;1553
196;1561
197;1569
198;1577
199;1585
200;1593
201;1601
202;1609
203;1617
204;1625
205;1633
206;1641
207;1649
208;1657
209;1665
210;1673
211;1681
212;1689
213;1697
214;1705
215;1713
216;1721
217;1729
218;1737
219;1745
220;1753
221;1761
222;1769
223;1777
224;1785
225;1793
226;1801
227;1809
228;1817
229;1825
230;1833
231;1841
232;1849
233;1857
234;1865
235;1873
236;1881
237;1889
238;1897
239;1905
240;1913
241;1921
242;1929
243;1937
244;1945
245;1953
246;1961
247;1969
248;1977
249;1985
250;1993
251;2001
252;2009
253;2017
254;2025
255;2033
256;2041
257;2049
258;2057
259;2065
260;2073
261;2081
262;2089
263;2097
264;2105
265;2113
266;2121
267;2129
268;2137
269;2145
270;2153
271;2161
272;2169
273;2177
274;2185
275;2193
276;2201
277;2209
278;2217
279;2225
280;2233
281;2241
282;2249
283;2257
284;2265
285;2273
286;2281
287;2289
288;2297
289;2305
290;2313
291;2321
292;2329
293;2337
294;2345
295;2353
296;2361
297;2369
298;2377
299;2385
300;2393
301;2401
302;2409
303;2417
304;2425
305;2433
306;2441
307;2449
308;2457
309;2465
310;2473
311;2481
312;2489
313;2497
314;2505
315;2513
316;2521
317;2529
318;2537
319;2545
320;2553
321;2561
322;2569
323;2577
324;2585
325;2593
326;2601
327;2609
328;2617
329;2625
330;2633
331;2641
332;2649
333;2657
334;2665
335;2673
336;2681
337;2689
338;2697
339;2705
340;2713
341;2721
342;2729
343;2737
344;2745
345;2753
346;2761
347;2769
348;2777
349;2785
350;2793
351;2801
352;2809
353;2817
354;2825
355;2833
356;2841
357;2849
358;2857
359;2865
360;2873
361;2881
362;2889
363;2897
364;2905
365;2913
366;2921
367;2929
368;2937
369;2945
370;2953
371;2961
372;2969
373;2977
374;2985
375;2993
376;3001
377;3009
378;3017
379;3025
380;3033
381;3041
382;3049
383;3057
384;3065
385;3073
386;3081
387;3089
388;3097
389;3105
390;3113
391;3121
392;3129
393;3137
394;3145
395;3153
396;3161
397;3169
398;3177
399;3185
400;3193
401;3201
402;3209
403;3217
404;3225
405;3233
406;3241
407;3249
408;3257
409;3265
410;3273
411;3281
412;3289
413;3297
414;3305
415;3313
416;3321
417;3329
418;3337
419;3345
420;3353
421;3361
422;3369
423;3377
424;3385
425;3393
426;3401
427;3409
428;3417
429;3425
430;3433
431;3441
432;3449
433;3457
434;3465
435;3473
436;3481
437;3489
438;3497
439;3505
440;3513
441;3521
442;3529
443;3537
444;3545
445;3553
446;3561
447;3569
448;3577
449;3585
450;3593
451;3601
452;3609
453;3617
454;3625
455;3633
456;3641
457;3649
458;3657
459;3665
460;3673
461;3681
462;3689
463;3697
464;3705
465;3713
466;3721
467;3729
468;3737
469;3745
470;3753
471;3761
472;3769
473;3777
474;3785
475;3793
476;3801
477;3809
478;3817
479;3825
480;3833
481;3841
482;3849
483;3857
484;3865
485;3873
486;3881
487;3889
488;3897
489;3905
490;3913
491;3921
492;3929
493;3937
494;3945
495;3953
496;3961
497;3969
498;3977
499;3985
500;3993
501;4001
502;4009
503;4017
504;4025
505;4033
506;4041
507;4049
508;4057
509;4065
510;4073
511;4081
512;4089
513;4097
514;4105
515;4113
516;4121
517;4129
518;4137
519;4145
520;4153
521;4161
522;4169
523;4177
524;4185
525;4193
526;4201
527;4209
528;4217
529;4225
530;4233
531;4241
532;4249
533;4257
534;4265
535;4273
536;4281
537;4289
538;4297
539;4305
540;4313
541;4321
542;4329
543;4337
544;4345
545;4353
546;4361
547;4369
548;4377
549;4385
550;4393
551;4401
552;4409
553;4417
554;4425
555;4433
556;4441
557;4449
558;4457
559;4465
560;4473
561;4481
562;4489
563;4497
564;4505
565;4513
566;4521
567;4529
568;4537
569;4545
570;4553
571;4561
572;4569
573;4577
574;4585
575;4593
576;4601
